name,price,url,category,image,image_url
Полный каталог дверей,,https://labirintdoors.ru/katalog2,Основной каталог,,
Двери с зеркалом,,https://labirintdoors.ru/vhodnye-dveri-s-zerkalom,Основной каталог,,
Белые двери,,https://labirintdoors.ru/belye-vhodnye-dveri,Основной каталог,,
Двери под покраску,,https://labirintdoors.ru/vhodnye-dveri-pod-pokrasku,Основной каталог,,
Двери с терморазрывом,,https://labirintdoors.ru/vhodnye-dveri-s-termorazryvom,С терморазрывом,,
Двери с электронным замком,,https://labirintdoors.ru/vhodnye-dveri-s-elektronnym-zamkom,Основной каталог,,
Входная дверь Смартлаб,,https://labirintdoors.ru/katalog/vhodnaya-dver-smartlab,Основной каталог,,
Входные двери Лабиринт LEOLAB от 53 900 руб.,53900.0,https://labirintdoors.ru/katalog/leolab,Новинки 2025,,
Входная дверь Лабиринт SKYLAB от 45 300 руб.,45300.0,https://labirintdoors.ru/katalog/skylab,Новинки 2025,,
Входная дверь Лабиринт EVOLAB от 45 300 руб.,45300.0,https://labirintdoors.ru/katalog/evolab,Новинки 2025,,
Входные двери Лабиринт PIANO от 43 900 руб.,43900.0,https://labirintdoors.ru/katalog/kollektsiya-piano,Хиты продаж,,
Входные двери Лабиринт ROYAL от 45 300 руб.,45300.0,https://labirintdoors.ru/katalog/royal,Хиты продаж,,
Входные двери Лабиринт ISSIDA от 53 900 руб.,53900.0,https://labirintdoors.ru/katalog/issida,Хиты продаж,,
Входные двери Лабиринт STORM от 44 500 руб.,44500.0,https://labirintdoors.ru/katalog/storm,Хиты продаж,,
Входные двери Лабиринт CREDOR от 39 500 руб.,39500.0,https://labirintdoors.ru/katalog/credor,Основной каталог,,
Входные двери Лабиринт KARMINA от 38 900 руб.,38900.0,https://labirintdoors.ru/katalog/karmina,Основной каталог,,
Входные двери Лабиринт ACUSTICLAB от 46 900 руб.,46900.0,https://labirintdoors.ru/katalog/acusticlab,Основной каталог,,
Входные двери Лабиринт PLATINUM от 42 900 руб.,42900.0,https://labirintdoors.ru/katalog/kollektsiya-platinum,Основной каталог,,
Входные двери Лабиринт BETON от 41 500 руб.,41500.0,https://labirintdoors.ru/katalog/kollektsiya-beton,Основной каталог,,
Входные двери Лабиринт INFINITY от 39 500 руб.,39500.0,https://labirintdoors.ru/katalog/infinity,Основной каталог,,
Входные двери Лабиринт NEW YORK от 42 500 руб.,42500.0,https://labirintdoors.ru/katalog/newyork-labirint,Основной каталог,,
Входные двери Лабиринт MEGAPOLIS от 41 900 руб.,41900.0,https://labirintdoors.ru/katalog/kollektsiya-megapolis,Основной каталог,,
Входные двери Лабиринт GRAND от 44 300 руб.,44300.0,https://labirintdoors.ru/katalog/grand,Основной каталог,,
Входные двери Лабиринт PIANO от 43 900 руб.,43900.0,https://labirintdoors.ru/katalog/kollektsiya-piano,Хиты продаж,,
Входные двери Лабиринт URBAN от 39 500 руб.,39500.0,https://labirintdoors.ru/katalog/kollektsiya-urban,Основной каталог,,
Входные двери Лабиринт ART от 37 300 руб.,37300.0,https://labirintdoors.ru/katalog/kollektsiya-art-grafit,Основной каталог,,
Входные двери Лабиринт ROYAL от 45 300 руб.,45300.0,https://labirintdoors.ru/katalog/royal,Хиты продаж,,
Входные двери Лабиринт TRENDO от 40 900 руб.,40900.0,https://labirintdoors.ru/katalog/trendo,Основной каталог,,
Входные двери Лабиринт VERSAL от 40 900 руб.,40900.0,https://labirintdoors.ru/katalog/versal,Белые двери,,
Входные двери Лабиринт LINE WHITE от 37 500 руб.,37500.0,https://labirintdoors.ru/katalog/kollektsiya-line-white,Белые двери,,
Входные двери Лабиринт Орлеан от 34 500 руб.,34500.0,https://labirintdoors.ru/katalog/vhodnye-dveri-labirint-orlean,Основной каталог,,
Входные двери Лабиринт CARBON от 33 900 руб.,33900.0,https://labirintdoors.ru/katalog/carbon,Основной каталог,,
Входные двери Лабиринт PAZL от 33 900 руб.,33900.0,https://labirintdoors.ru/katalog/pazl,Основной каталог,,
Входные двери Лабиринт LOFT от 32 300 руб.,32300.0,https://labirintdoors.ru/katalog/loft,Основной каталог,,
Входные двери Лабиринт ACUSTICLAB от 46 900 руб.,46900.0,https://labirintdoors.ru/katalog/acusticlab,Основной каталог,,
Входные двери Лабиринт SILVER от 37 900 руб.,37900.0,https://labirintdoors.ru/katalog/kollektsiya-silver,Основной каталог,,
Входные двери Лабиринт Орлеан от 34 500 руб.,34500.0,https://labirintdoors.ru/katalog/vhodnye-dveri-labirint-orlean,Основной каталог,,
Входные двери Лабиринт CLASSIC шагрень черная от 31 900 руб.,31900.0,https://labirintdoors.ru/katalog/classic,Основной каталог,,
Входные двери Лабиринт CLASSIC антик медный от 31 900 руб.,31900.0,https://labirintdoors.ru/katalog/classic2,Основной каталог,,
Входная дверь Фрост 7024 со стеклопакетом,,https://labirintdoors.ru/katalog/vhodnaya-dver-frost-7024-so-steklopaketom,Основной каталог,,
Входная дверь для дома со стеклом SCANDIA,,https://labirintdoors.ru/katalog/vhodnaya-dver-dlya-doma-so-steklom,Основной каталог,,
Входные двери Лабиринт NORD PLUS,,https://labirintdoors.ru/katalog/nord,С терморазрывом,,
Входная дверь Имперо со стеклом,,https://labirintdoors.ru/katalog/vhodnaya-dver-impero-so-steklom,Основной каталог,,
Уличная дверь Сияна со стеклопакетом,,https://labirintdoors.ru/katalog/ulichnaya-dver-siyana-so-steklopaketom,Основной каталог,,
Дверь входная с терморазрывом Полярис лайт,,https://labirintdoors.ru/katalog/dver-vhodnaya-s-termorazryvom-polyaris-layt,С терморазрывом,,
Уличные двери Верса со стеклом за 55 900 руб.,55900.0,https://labirintdoors.ru/katalog/kollektsiya-versa,Основной каталог,,
Входные двери Аляска лайт с терморазрывом от 38 900 руб.,38900.0,https://labirintdoors.ru/katalog/alyaska-lite,С терморазрывом,,
Входные двери Лабиринт ATLANTIC от 48 900 руб.,48900.0,https://labirintdoors.ru/katalog/kollektsiya-atlantic,Основной каталог,,
Входные двери Лабиринт TUNDRA Plus за 62 500 руб.,62500.0,https://labirintdoors.ru/katalog/kollektsiya-tundra,С терморазрывом,,
Входные двери Лабиринт Лондон от 50 900 руб.,50900.0,https://labirintdoors.ru/katalog/london-termo,Основной каталог,,
Входные двери Лабиринт Термомагнит от 40 500 руб.,40500.0,https://labirintdoors.ru/katalog/termo-magnit,Основной каталог,,
Входные двери Лабиринт Термо Лайт от 34 900 руб.,34900.0,https://labirintdoors.ru/katalog/termolite,Основной каталог,,
Все входные двери,,https://labirintdoors.ru/katalog2,Основной каталог,,
Двери в квартиру,,https://labirintdoors.ru/vhodnye-dveri-v-kvartiru,Основной каталог,,
Двери в коттедж,,https://labirintdoors.ru/vhodnye-dveri-v-kottedgh,Основной каталог,,
Двери для дачи,,https://labirintdoors.ru/vhodnye-dveri-dlya-dachi,Основной каталог,,
Двери для частного дома,,https://labirintdoors.ru/vhodnye-dveri-dlya-chastnogo-doma,Основной каталог,,
Двери с электронным замком,,https://labirintdoors.ru/vhodnye-dveri-s-elektronnym-zamkom,Основной каталог,,
О заводе «Лабиринт»,,https://labirintdoors.ru/o-nas,Основной каталог,,
